price,bedroom,sqft,bathroom,amenity_count,cityid,pop_class,prediction
1150,2,1000.0,2.0,3,7,3,1400.5169143959586
1651,2,1003.0,2.0,7,5,1,1709.5516134251336
2338,2,1110.0,2.0,5,1,2,2356.2754741833023
1550,1,535.0,1.0,3,1,2,1516.7145777412682
3300,2,800.0,1.0,5,4,2,2126.4942697543024
1840,2,1084.0,2.0,5,7,3,1433.370748840372
389,1,395.0,1.0,5,5,1,621.6748550361589
1680,2,995.0,2.0,6,6,3,1830.632665110049
1276,1,719.0,1.0,7,9,1,1216.2974686536522
1200,3,1300.0,1.0,6,8,1,1503.405412954884
3700,2,825.0,1.0,7,4,2,2442.1150613293503
1799,2,910.0,2.0,6,5,1,1698.5525638280978
2999,0,465.0,1.0,7,4,2,1884.5099062924799
1725,0,605.0,1.0,5,3,3,2186.8187828590003
2230,2,1170.0,2.0,9,1,2,2458.3802972726044
895,1,640.0,1.0,8,7,3,1170.575485541614
389,1,395.0,1.0,7,5,1,655.8297791582123
2250,2,1052.0,2.0,5,1,2,2084.30583943111
2000,3,1328.0,2.0,3,1,2,2404.8527469790456
1955,2,1020.0,2.0,6,8,1,1778.1588987073192
1456,2,811.0,1.0,3,5,1,1489.078186980729
1460,2,984.0,2.0,7,9,1,1429.9917529515324
2195,1,650.0,1.0,4,3,3,2044.0890174801248
1495,2,956.0,2.0,6,9,1,1431.6896934304361
1900,1,875.0,1.0,7,3,3,2073.1173345395073
1995,1,536.0,1.0,8,3,3,2192.7793707348515
827,1,742.0,1.0,6,7,3,1325.0316843450028
2833,2,1081.0,2.0,3,4,2,2455.694125410879
2170,1,775.0,1.0,9,1,2,2085.9275748212476
1677,3,1250.0,2.0,8,9,1,1730.3014635891432
389,1,395.0,1.0,5,5,1,621.6748550361589
2210,0,478.0,1.0,4,3,3,1923.582433592714
2395,2,1100.0,2.0,3,1,2,2367.91463895041
1355,1,580.0,1.0,5,7,3,1352.274439122073
1854,1,692.0,1.0,5,1,2,1787.7834554652543
1807,3,1204.0,2.0,7,5,1,1917.2474056312712
879,1,796.0,1.0,3,7,3,1316.567704130489
1800,3,1505.0,2.5,3,8,1,2031.7920357034063
1953,2,955.0,2.0,7,7,3,1415.4186343714503
2800,1,1000.0,1.0,0,4,2,2195.7270301242806
1900,1,817.0,1.0,5,6,3,1958.8935647255432
2650,0,425.0,1.0,8,4,2,2070.3029082419016
1895,1,700.0,1.0,5,6,3,1676.1664852267133
1906,2,1120.0,2.0,6,5,1,1901.9825886915262
959,1,611.0,1.0,3,7,3,999.060976729641
1898,1,712.0,1.0,5,1,2,1675.1289982645494
1367,1,681.0,1.0,3,5,1,1355.2597077818411
2125,2,1050.0,2.0,8,1,2,2233.6092613409655
1853,1,825.0,1.0,6,1,2,1949.9541378460615
1710,2,1040.0,2.0,5,5,1,1730.806189649048
2255,2,925.0,1.5,5,4,2,2433.1446416237723
389,1,395.0,1.0,5,5,1,621.6748550361589
1875,1,750.0,1.0,3,3,3,2035.3576523127913
2095,0,450.0,1.0,7,3,3,1952.314206177186
2350,2,1122.0,2.0,3,1,2,2652.6799073652573
2275,2,700.0,1.0,5,4,2,2008.131185820781
2418,2,1018.0,2.5,3,3,3,2324.41446339397
1515,2,1050.0,2.0,5,8,1,1502.518699386388
2230,2,975.0,1.0,6,8,1,1945.1532838007342
389,1,395.0,1.0,5,5,1,621.6748550361589
1350,1,450.0,1.0,3,1,2,1630.0785455255063
389,1,395.0,1.0,4,5,1,639.4540059037837
1700,2,1200.0,1.5,5,3,3,3014.051213593995
798,2,945.0,2.0,7,7,3,1531.1691414883544
4977,2,1222.0,2.0,5,4,2,2895.470950730767
1825,1,850.0,1.0,8,1,2,1893.084894401223
2279,2,1155.0,2.0,5,1,2,2367.754706424864
1950,0,300.0,1.0,5,3,3,1662.371578995791
799,2,1000.0,1.0,5,9,1,1486.946589502989
2495,1,847.0,1.0,7,3,3,2371.3632273327526
1650,1,600.0,1.0,0,3,3,1876.0678714762532
1255,1,727.0,1.0,7,9,1,1204.792983505902
1795,1,700.0,1.0,5,6,3,1676.1664852267133
1375,1,675.0,1.0,5,4,2,1771.5118572789527
1475,1,740.0,1.0,8,1,2,1771.5828799480146
1150,0,600.0,1.0,7,9,1,1069.2627736542722
1220,0,400.0,1.0,3,1,2,1322.1244369890337
2650,2,1050.0,2.0,6,3,3,2829.9446909190992
1575,1,804.0,1.0,7,1,2,1813.2711932489926
1862,3,1190.0,2.0,3,9,1,1713.6991944347944
3610,1,755.0,1.0,5,4,2,2294.6536838547167
1120,2,860.0,2.0,8,7,3,1419.028856398217
1566,2,1140.0,2.0,8,9,1,1597.2482937698956
1795,2,775.0,1.0,3,4,2,1964.1387207968396
880,1,600.0,1.0,3,7,3,991.9117851214404
1000,1,463.0,1.0,3,8,1,874.426808258786
1800,3,1235.0,2.0,7,9,1,1776.7790187560424
1275,1,713.0,1.0,7,5,1,1370.48607045879
1070,0,275.0,1.0,3,1,2,1171.2291306906538
1286,1,719.0,1.0,7,9,1,1216.2974686536522
1260,2,955.0,1.0,6,9,1,1312.1431771101293
2308,1,585.0,1.0,5,3,3,2046.9831601864923
950,1,800.0,1.0,5,8,1,1047.7822748542444
3100,2,1100.0,1.5,6,4,2,2448.140176731016
985,1,705.0,1.0,8,9,1,1044.2231819881495
1000,1,800.0,1.0,4,8,1,1062.2544705934297
1677,3,1250.0,2.0,8,9,1,1730.3014635891432
1027,1,720.0,1.0,7,7,3,1315.5687474886515
3314,2,1097.0,2.0,8,1,2,2389.289108839715
1649,1,768.0,1.0,2,5,1,1524.6957238410073
1677,3,1250.0,2.0,8,9,1,1730.3014635891432
2342,1,656.0,1.0,3,3,3,2146.4520301030284
2939,2,1533.0,2.0,8,3,3,4364.999641491695
2510,3,1314.0,2.0,3,1,2,2456.2491986056925
389,1,395.0,1.0,7,5,1,655.8297791582123
389,1,395.0,1.0,5,5,1,621.6748550361589
1895,2,1118.0,2.0,6,9,1,1643.7119016347751
3600,1,750.0,1.0,5,3,3,2354.256594667031
389,1,395.0,1.0,7,5,1,655.8297791582123
2450,2,1200.0,1.0,5,4,2,2538.902793435754
1500,2,1150.0,1.0,5,6,3,1806.443069601024
1720,1,525.0,1.0,3,3,3,1876.8135105364975
1577,2,800.0,1.0,5,5,1,1553.6694284752275
1055,2,1040.0,2.0,7,9,1,1219.4285680296327
1699,1,600.0,1.0,6,3,3,1830.9383892468484
2628,2,1095.0,2.0,5,1,2,2326.7527536153434
1550,3,1200.0,1.5,3,6,3,1975.9111133864108
2105,0,505.0,1.0,8,4,2,2170.7935246240154
1795,1,734.0,1.0,5,1,2,1766.0143592696074
960,0,440.0,1.0,5,6,3,1297.3565989778594
1645,3,1200.0,2.0,2,9,1,1595.2143102855055
1413,1,700.0,1.0,3,5,1,1371.203673941527
1450,2,844.0,1.0,7,9,1,1333.6017794612355
1695,3,1687.0,3.0,5,7,3,2102.22746644449
1566,2,1140.0,2.0,8,9,1,1597.2482937698956
1350,2,1100.0,1.0,5,6,3,1822.0381460211865
957,2,866.0,2.0,7,7,3,1374.1571360677654
1245,1,665.0,1.0,8,1,2,1615.1790587201897
1250,1,750.0,1.0,5,6,3,1497.570494860297
1029,1,685.0,1.0,7,7,3,1243.1238690586933
1715,1,740.0,1.0,9,1,2,1895.8487032805856
505,0,426.0,1.0,3,8,1,598.5563402912679
2800,2,1200.0,2.0,5,1,2,2639.1997063660065
1566,2,1140.0,2.0,8,9,1,1597.2482937698956
2080,1,750.0,1.0,5,1,2,1633.2786430713531
1675,2,1100.0,2.0,5,1,2,2036.4013360665715
2435,3,1300.0,2.0,6,5,1,2146.942768972869
1495,0,350.0,1.0,6,3,3,1672.701321694028
389,1,395.0,1.0,5,5,1,621.6748550361589
2600,2,1200.0,1.5,4,4,2,2672.5593107681484
1335,0,400.0,1.0,6,3,3,1628.925320558764
1468,2,875.0,1.0,3,9,1,1344.909442548792
1566,2,1140.0,2.0,8,9,1,1597.2482937698956
2695,1,800.0,1.0,6,3,3,2164.735002394843
1450,2,912.0,2.0,6,9,1,1402.1581452079797
3356,2,1320.0,2.0,5,6,3,2993.255058334779
1200,2,600.0,1.0,0,9,1,1138.7243879220957
985,1,705.0,1.0,8,9,1,1044.2231819881495
1350,2,860.0,1.0,3,8,1,1324.6453788674546
650,0,400.0,1.0,4,6,3,1077.501293034777
1705,2,925.0,2.0,5,5,1,1673.08352208387
1310,1,512.0,1.0,8,1,2,1475.4128653187481
1810,2,1170.0,2.0,5,1,2,2202.0325210318942
1475,2,878.0,1.0,6,6,3,1684.4154831691465
1400,2,1200.0,1.0,5,9,1,1499.6323429974861
975,1,450.0,1.0,3,6,3,1232.2538225357684
2495,1,600.0,1.0,7,3,3,2239.915409371484
2795,2,850.0,2.0,4,3,3,2496.6409162402897
1815,1,700.0,1.0,6,3,3,2323.302940166157
774,0,228.0,0.0,9,7,3,1069.0903597823692
3895,1,750.0,1.0,6,3,3,2282.2711500889836
1017,2,866.0,2.0,7,7,3,1374.1571360677654
1276,1,719.0,1.0,7,9,1,1216.2974686536522
1300,1,950.0,1.0,5,7,3,1464.2444632733059
1372,1,660.0,1.0,8,5,1,1497.7949011860956
2700,2,1155.0,2.0,5,1,2,2367.754706424864
1775,1,900.0,1.0,5,1,2,1950.8360008165005
1375,1,576.0,1.0,3,1,2,1625.921932308933
1138,1,700.0,1.0,5,1,2,1545.8598442388918
1824,2,950.0,2.0,8,5,1,1785.0726569009425
389,1,395.0,1.0,7,5,1,655.8297791582123
750,2,450.0,1.0,4,8,1,960.0352092431668
1325,1,756.0,1.0,3,7,3,1260.1248407453243
1159,2,995.0,2.0,3,7,3,1442.9733244502065
1310,1,645.0,1.0,6,1,2,1723.6445540086802
1421,2,900.0,1.0,8,1,2,1791.9716741080379
944,0,288.0,1.0,7,1,2,1160.5861191446022
3200,2,1000.0,1.5,8,6,3,2149.602608856033
1862,1,1190.0,1.0,7,9,1,1758.224874128548
1730,2,995.0,2.0,6,6,3,1830.632665110049
2702,3,1467.0,2.0,7,8,1,2469.7726706478134
389,1,395.0,1.0,5,5,1,621.6748550361589
2395,1,756.0,1.0,7,4,2,2311.9285040504888
1070,2,1053.0,2.0,8,7,3,1742.3616287670852
2435,3,1300.0,2.0,6,5,1,2146.942768972869
2040,1,750.0,1.0,9,1,2,1838.1548587247771
1670,2,1153.0,2.0,3,7,3,1774.9747237141987
1310,1,512.0,1.0,8,1,2,1475.4128653187481
2175,3,1058.0,2.0,7,3,3,2329.1804070698104
1466,2,1025.0,2.0,8,9,1,1479.901788487566
1959,1,847.0,1.0,6,4,2,2282.398270672506
925,2,900.0,1.0,5,8,1,1138.0658398116987
1955,2,1020.0,2.0,6,8,1,1778.1588987073192
1489,1,755.0,1.0,3,5,1,1524.085816478837
3575,2,1137.0,2.0,8,3,3,3014.210651335498
825,1,375.0,1.0,6,8,1,797.234784763891
1674,2,1111.0,2.0,5,1,2,2338.4570354140806
1276,1,719.0,1.0,3,9,1,1143.395440019879
625,1,700.0,1.0,5,8,1,1120.0564041181287
3600,2,1265.0,2.0,3,3,3,3239.957841607536
1180,2,850.0,1.0,6,8,1,1266.5141024201037
1775,1,900.0,1.0,5,1,2,1950.8360008165005
389,1,395.0,1.0,7,5,1,655.8297791582123
1725,2,988.0,2.0,7,5,1,1873.9142897825336
1185,1,600.0,1.0,7,9,1,1074.0578656750629
2295,2,1311.0,2.0,6,3,3,3266.677203342504
2695,0,460.0,1.0,6,3,3,1902.7799264732498
1700,2,800.0,1.0,6,5,1,1502.6621451280937
1600,1,654.0,1.0,5,7,3,1183.2258895640127
2225,1,652.0,1.0,5,4,2,2191.4787764487146
2540,2,1450.0,2.0,9,1,2,3055.176791298473
2695,1,800.0,1.0,6,3,3,2164.735002394843
1330,1,740.0,1.0,3,5,1,1405.2991422348668
1276,1,719.0,1.0,3,9,1,1143.395440019879
1675,0,460.0,1.0,4,3,3,1719.4723956464059
950,1,672.0,1.0,6,6,3,1499.3594299766087
1560,1,689.0,1.0,3,5,1,1417.0699281861469
2203,3,1239.0,2.0,3,5,1,2022.2936190734933
2500,2,1125.0,2.0,5,4,2,2651.0144768903606
1295,2,850.0,1.0,3,8,1,1282.2114694493198
1950,1,700.0,1.0,5,6,3,1676.1664852267133
1750,1,300.0,1.0,3,3,3,1585.5380962580732
2014,0,357.0,1.0,7,3,3,1596.6455136639472
959,1,611.0,1.0,3,7,3,999.060976729641
3228,2,1207.0,2.0,3,3,3,3341.8265628388954
1520,1,604.0,1.0,6,1,2,1595.2020511881117
1295,0,300.0,1.0,0,3,3,1497.2082659111272
1495,2,1050.0,2.0,5,8,1,1502.518699386388
2457,2,1140.0,1.5,3,3,3,2727.0358028091537
1350,1,600.0,1.0,7,5,1,1355.0402614731547
925,1,700.0,1.0,3,7,3,1162.030303552492
1650,2,1050.0,2.0,8,9,1,1416.3005260476016
1668,2,977.0,2.0,6,5,1,1733.6221252102907
1610,2,995.0,2.0,7,9,1,1418.0059805617911
1473,0,400.0,1.0,6,4,2,1771.1696992562154
389,1,395.0,1.0,7,5,1,655.8297791582123
1862,3,1190.0,2.0,7,9,1,1777.6047198676179
1230,1,880.0,1.0,5,7,3,1387.7119024819115
1700,3,1100.0,1.0,4,6,3,1873.7221403426634
1648,2,1003.0,2.0,7,5,1,1709.5516134251336
1300,2,900.0,1.0,4,6,3,1644.4523272549754
1255,1,727.0,1.0,7,9,1,1204.792983505902
1900,2,1191.0,2.0,6,9,1,1685.5467250533943
950,1,800.0,1.0,5,8,1,1047.7822748542444
845,0,340.0,1.0,5,6,3,1185.6458512362515
3100,2,700.0,1.0,5,4,2,2008.131185820781
845,1,600.0,1.0,3,7,3,991.9117851214404
2750,2,945.0,2.0,3,3,3,2585.446154582669
930,1,714.0,1.0,7,7,3,1207.8065036840467
1650,3,950.0,2.0,6,8,1,1572.7575790924552
2000,2,1550.0,2.0,5,7,3,2210.0437746336893
1970,2,1116.0,2.0,7,8,1,1812.1489047989935
2200,2,1100.0,1.0,5,4,2,2725.836022858332
1276,1,719.0,1.0,7,9,1,1216.2974686536522
2450,2,1600.0,2.5,4,6,3,2364.0169603418744
4835,2,985.0,2.0,7,3,3,2543.8034482301464
2200,3,1303.0,2.0,3,9,1,1773.817520755284
1695,2,1035.0,1.5,3,8,1,1587.5112376705392
1578,1,620.0,1.0,6,1,2,1675.4458512888953
3000,1,430.0,1.0,8,4,2,2376.8768513164237
1465,1,686.0,1.0,5,1,2,1654.3035016951824
1475,2,1009.0,2.0,7,5,1,1661.0616787054762
2100,1,610.0,1.0,5,3,3,2113.2185253418643
1550,1,1350.0,1.0,6,6,3,2167.315301536477
1150,0,383.0,1.0,9,9,1,1002.2481760681437
3200,2,1200.0,2.0,7,6,3,2297.8276378768096
2271,1,656.0,1.0,3,3,3,2146.4520301030284
2450,2,900.0,2.0,7,3,3,2683.0295469830044
1139,1,610.0,1.0,5,8,1,1056.4278362320122
1705,2,925.0,2.0,5,5,1,1673.08352208387
1180,1,640.0,1.0,3,8,1,1100.2734098664334
1618,2,1078.0,2.0,5,1,2,2075.5052669461957
1490,1,1025.0,1.0,3,7,3,1703.325030840871
1695,2,880.0,1.0,6,9,1,1304.6286172449961
891,1,582.0,1.0,8,9,1,949.3693008142558
1150,2,1000.0,1.0,6,9,1,1443.5653218358052
1674,2,976.0,2.0,5,1,2,1913.8167457933455
2600,2,1100.0,2.0,4,3,3,2870.944747141981
4200,2,950.0,1.0,8,4,2,2484.4778653812386
2999,2,900.0,1.5,7,3,3,2657.8366024202555
1100,2,795.0,1.0,9,9,1,1329.4303064762942
1100,2,795.0,1.0,9,9,1,1329.4303064762942
1370,1,681.0,1.0,3,5,1,1355.2597077818411
1710,2,1040.0,2.0,5,5,1,1730.806189649048
1165,2,750.0,2.0,8,7,3,1413.5571080525801
2545,1,815.0,1.0,7,3,3,2382.628220286664
2009,1,738.0,1.0,3,1,2,1797.682289767149
1250,1,625.0,1.0,3,6,3,1222.341951885916
2525,2,867.0,2.0,5,3,3,2454.1515073157557
389,1,398.0,1.0,7,5,1,657.2557260212232
1353,1,600.0,1.0,3,5,1,1296.7876147936504
1755,2,1167.0,2.0,5,5,1,1837.1855769788065
1897,2,1042.0,2.0,6,5,1,1819.4500980415085
1075,1,717.0,1.0,3,7,3,1215.5433146928979
1565,2,960.0,1.0,7,9,1,1386.352173342371
1635,2,844.0,1.0,3,3,3,1885.0458524171377
1800,2,1084.0,2.0,3,9,1,1497.0283207719492
1255,1,727.0,1.0,7,9,1,1204.792983505902
2365,1,650.0,1.0,3,3,3,2038.7983872786951
1692,2,975.0,2.0,3,5,1,1617.852163638765
1215,1,640.0,1.0,3,8,1,1100.2734098664334
1359,1,684.0,1.0,5,1,2,1658.488782007215
325,1,315.0,1.0,9,6,3,1257.0182114955887
2175,2,975.0,1.0,6,8,1,1945.1532838007342
1687,2,960.0,2.0,3,5,1,1626.577583012068
895,1,625.0,1.0,6,8,1,1051.2712719103922
1660,1,620.0,1.0,6,8,1,1409.7596158421277
1862,1,1190.0,1.0,3,9,1,1712.6376907676636
1539,2,980.0,2.0,3,5,1,1599.1343859829371
1255,1,727.0,1.0,7,9,1,1204.792983505902
1340,1,598.0,1.0,10,9,1,1241.2779778530514
3195,2,1000.0,1.5,5,4,2,2811.630674129419
2656,1,1076.0,1.0,5,4,2,2484.8732589018646
1430,2,750.0,1.0,5,1,2,1794.2954003187667
1548,3,1145.0,2.0,5,1,2,2420.320543092494
1875,1,825.0,1.0,3,3,3,2181.708835561123
1539,1,670.0,1.0,6,5,1,1349.2329702405266
2325,1,840.0,1.0,9,1,2,2122.6005354460913
2150,4,1580.0,2.0,5,9,1,2107.1036663082436
2650,1,600.0,1.0,5,4,2,1909.5860456385801
3813,0,1391.0,1.0,3,3,3,2528.7915168662744
1250,3,1150.0,1.5,6,8,1,1425.142773130732
2470,2,1081.0,2.0,6,1,2,2276.2063787332704
900,1,640.0,1.0,8,7,3,1170.575485541614
1985,3,1335.0,2.0,8,5,1,2273.8099357136907
1495,2,956.0,2.0,6,9,1,1431.6896934304361
2105,1,687.0,1.0,3,3,3,2178.437408591411
960,1,550.0,1.0,6,8,1,933.2399390109299
2890,2,1000.0,2.0,7,3,3,2354.199352764185
1195,1,675.0,1.0,8,1,2,1539.6285331000042
1440,2,857.0,1.0,7,9,1,1378.5066699810384
1350,3,1360.0,1.0,5,8,1,1544.1430371619517
1795,3,1240.0,2.0,8,9,1,1783.5768610449627
1350,1,619.0,1.0,5,7,3,1311.8232412400264
1597,2,960.0,2.0,3,5,1,1626.577583012068
3289,2,1208.0,2.0,5,4,2,2877.2677361751184
2312,2,1251.0,2.0,8,1,2,2220.5297183013395
1725,0,500.0,1.0,6,3,3,1792.3464607602743
1059,2,1024.0,2.0,5,7,3,1418.2005021193286
2034,3,1403.0,3.0,5,7,3,2105.7384330701702
1300,0,574.0,1.0,6,9,1,1136.1130632766153
2200,1,855.0,1.0,6,4,2,2179.0181753288866
1900,1,875.0,1.0,7,3,3,2073.1173345395073
2125,2,1080.0,2.0,9,1,2,2255.4677405522184
389,1,395.0,1.0,5,5,1,621.6748550361589
2395,2,775.0,1.0,6,4,2,2337.109091965073
1725,2,1080.0,2.0,4,9,1,1541.531274827651
1446,2,811.0,1.0,3,5,1,1489.078186980729
1195,1,627.0,1.0,5,1,2,1557.0677911598423
1550,1,720.0,1.0,5,1,2,1661.1144489241235
1995,1,700.0,1.0,4,3,3,2225.204325606341
1198,3,1265.0,2.0,7,9,1,1807.7348095584045
1750,3,1012.0,2.0,6,8,1,1664.865374827359
1714,2,1042.0,2.0,6,5,1,1819.4500980415085
1980,2,1473.0,2.0,3,7,3,2138.5724079947668
725,0,311.0,1.0,7,9,1,684.9751751925899
1468,2,875.0,1.0,7,9,1,1408.5546200727908
1150,2,625.0,1.0,3,4,2,2318.17977743526
1050,0,400.0,1.0,6,1,2,1446.3856962934988
1370,2,931.0,2.0,6,9,1,1381.577700208574
2005,1,750.0,1.0,3,3,3,2035.3576523127913
1904,3,1102.0,2.0,8,9,1,1692.2621796594844
1200,1,697.0,1.0,5,7,3,1258.8647284960086
829,1,575.0,1.0,5,7,3,1330.846037800772
1350,2,750.0,1.0,5,8,1,1075.7962925341117
2065,1,627.0,1.0,7,3,3,1995.374890121856
1450,1,1500.0,1.0,6,3,3,2491.947847009629
1585,1,650.0,1.0,5,4,2,2256.378927179505
1630,1,739.0,1.0,9,1,2,1871.747065838854
2143,2,836.0,2.0,7,3,3,2212.319408584388
1460,2,984.0,2.0,7,9,1,1429.9917529515324
2700,3,1600.0,3.0,7,6,3,2740.4229331650154
1150,0,383.0,1.0,10,9,1,1020.4078745904969
2650,2,1081.0,2.0,6,3,3,2679.4970721989334
1998,2,1500.0,1.5,6,4,2,3047.768578922388
2167,2,1208.0,2.0,8,5,1,2002.9940290723118
1400,1,755.0,1.0,8,9,1,1312.8679487147754
3095,4,1750.0,2.0,6,5,1,2958.008239388055
1200,2,1200.0,1.0,6,8,1,1869.6196269731672
2200,0,496.0,1.0,7,4,2,1913.5537649412977
1954,1,588.0,1.0,4,3,3,1751.069395073438
1020,1,750.0,1.0,3,8,1,1196.5502808470612
1603,2,996.0,2.0,7,5,1,1687.0937883794847
2445,0,475.0,1.0,8,4,2,2098.5960692325543
389,1,398.0,1.0,8,5,1,674.3658580424478
1397,1,707.0,1.0,5,1,2,1733.665431412151
2650,1,600.0,1.0,3,4,2,1686.8650332028283
1100,2,850.0,1.0,6,6,3,1604.8820919240354
389,1,395.0,1.0,5,5,1,621.6748550361589
1230,0,450.0,1.0,4,6,3,1322.7220249998838
1650,3,1190.0,2.0,3,9,1,1713.6991944347944
1980,2,995.0,2.0,5,1,2,2019.3260268720614
1900,3,1321.0,2.0,7,8,1,2039.0699145560934
1458,2,875.0,1.0,7,9,1,1408.5546200727908
1649,1,768.0,1.0,2,5,1,1524.6957238410073
1300,2,700.0,1.0,3,8,1,1058.709192997827
1575,1,793.0,1.0,8,9,1,1403.2428153417136
1400,1,724.0,1.0,7,5,1,1396.555385215941
3350,1,700.0,1.5,5,4,2,2085.827745850959
1400,2,763.0,1.0,5,6,3,1456.8373135561628
1332,2,889.0,1.0,7,9,1,1334.8645522922661
3236,2,1200.0,2.0,6,3,3,3069.1206886870846
389,1,395.0,1.0,5,5,1,621.6748550361589
2900,2,1500.0,2.0,5,6,3,2739.2203277896588
2560,3,1500.0,2.0,7,6,3,2747.242171196951
1325,1,661.0,1.0,5,1,2,1676.5317257174
1705,2,1042.0,2.0,6,6,3,1988.010820772897
2657,2,1083.0,2.0,7,1,2,2249.934392419266
1475,2,995.0,1.0,5,9,1,1483.105780161004
1505,2,995.0,1.0,6,6,3,1729.8566088747868
2230,2,975.0,1.0,6,8,1,1945.1532838007342
389,1,395.0,1.0,7,5,1,655.8297791582123
2200,2,975.0,1.0,6,8,1,1945.1532838007342
1670,1,740.0,1.0,9,1,2,1895.8487032805856
1425,1,732.0,1.0,5,5,1,1425.851883732254
2165,0,419.0,1.0,6,3,3,1877.9626100007017
2175,3,1444.0,2.0,7,5,1,2349.8629458861856
2283,2,1165.0,2.0,6,1,2,2377.766151713055
1989,2,1045.0,2.0,8,5,1,1909.5883204193326
2480,2,860.0,1.5,7,3,3,2455.8906415669726
3502,2,1255.0,2.0,6,3,3,3346.5571669785954
1566,2,1140.0,2.0,8,9,1,1597.2482937698956
389,1,395.0,1.0,5,5,1,621.6748550361589
2675,2,1008.0,2.0,3,3,3,2518.143085582228
1147,2,1076.0,2.0,7,7,3,1525.5135793946679
1387,1,740.0,1.0,3,5,1,1405.2991422348668
1525,1,796.0,1.0,8,5,1,1700.6580951388064
2658,2,1069.0,2.0,6,1,2,2466.1826099854784
389,1,395.0,1.0,5,5,1,621.6748550361589
1484,2,1067.0,2.0,3,5,1,1642.3560736631362
1820,1,794.0,1.0,8,8,1,1363.3550971951843
1795,2,1007.0,2.0,3,1,2,2070.851633400094
389,1,395.0,1.0,5,5,1,621.6748550361589
1000,1,800.0,1.0,4,8,1,1062.2544705934297
1400,2,725.0,1.0,6,5,1,1427.5075536594968
2350,2,884.0,2.0,3,1,2,2233.6811986410107
1180,1,640.0,1.0,8,8,1,1233.191532836613
1304,3,1005.0,3.0,6,7,3,1540.020912093661
1625,1,695.0,1.0,9,1,2,1835.0166279880068
2590,3,1665.0,3.0,3,1,2,2817.727627619441
909,1,644.0,1.0,6,7,3,1138.9128400117945
2000,2,1550.0,2.0,5,7,3,2210.0437746336893
2300,1,600.0,1.0,6,3,3,1830.9383892468484
1216,3,1233.0,2.0,3,9,1,1732.7619037129245
1535,2,965.0,1.0,3,8,1,1455.7250515564378
2520,1,644.0,1.0,9,3,3,2448.450945882713
925,1,454.0,1.0,8,9,1,893.7493733920865
896,1,594.0,1.0,5,7,3,1170.5699790028336
775,1,642.0,1.0,6,7,3,1140.0686039406983
3752,2,1205.0,2.0,9,3,3,3934.0790841140342
1070,0,275.0,1.0,3,1,2,1171.2291306906538
1458,2,875.0,1.0,7,9,1,1408.5546200727908
3971,2,860.0,2.0,10,4,2,2791.2723000886967
1844,1,778.0,1.0,3,1,2,1939.3318128696656
1395,1,886.0,1.0,7,9,1,1419.5731462255665
2550,1,600.0,1.0,6,4,2,2031.4566938526466
2050,3,1200.0,1.5,9,6,3,2684.3176060238475
910,1,550.0,1.0,6,8,1,933.2399390109299
1245,1,750.0,1.0,5,8,1,1217.7351989121485
921,1,783.0,1.0,3,7,3,1289.984134311517
2440,2,1040.0,2.0,8,1,2,2389.3486781609663
2195,2,900.0,1.0,5,6,3,1686.935033950767
2432,1,702.0,1.0,5,3,3,2246.965715074007
2092,1,776.0,1.0,8,3,3,2313.1902334459237
1525,2,1200.0,2.5,6,9,1,1689.754534774887
1535,1,753.0,1.0,9,1,2,1818.8872312487556
3900,2,1100.0,1.0,5,4,2,2725.836022858332
1949,3,1367.0,2.0,5,1,2,2394.7531607890905
1999,1,675.0,1.0,5,3,3,2066.1134538195247
850,2,930.0,1.0,5,8,1,1352.69951739425
1050,1,672.0,1.0,7,7,3,1220.6608534188872
952,1,803.0,1.0,5,7,3,1387.065845007097
1564,1,689.0,1.0,3,5,1,1417.0699281861469
2146,2,912.0,2.0,6,1,2,2064.9454589422376
1359,1,684.0,1.0,5,1,2,1658.488782007215
3400,2,1642.0,2.5,6,4,2,3481.060211486605
1862,3,1190.0,2.0,7,9,1,1777.6047198676179
1895,2,1118.0,2.0,6,9,1,1643.7119016347751
1255,1,727.0,1.0,7,9,1,1204.792983505902
2074,3,1440.0,2.0,7,1,2,2698.746187667624
1397,1,714.0,1.0,9,5,1,1541.9129400048864
1270,1,1323.0,1.0,5,7,3,2300.6757991748636
1750,3,1187.0,2.0,9,9,1,1927.9582235167218
1650,2,930.0,1.0,5,9,1,1253.3391987063537
1231,2,780.0,1.0,5,9,1,1178.8336878082234
1557,1,650.0,1.0,3,6,3,1297.893570651434
2328,2,1095.0,2.0,5,1,2,2326.7527536153434
1725,1,700.0,1.0,5,3,3,2106.6456086574744
2395,0,735.0,1.0,5,3,3,2277.9494537994183
1838,2,1102.0,2.0,8,9,1,1631.1706108937024
1600,2,1296.0,2.0,7,7,3,1845.3741654722548
1730,1,626.0,1.0,8,5,1,1471.1861304560014
1150,0,600.0,1.0,7,9,1,1069.2627736542722
1375,2,1065.0,1.5,3,8,1,1555.788904161699
2425,2,1215.0,2.0,9,1,2,2588.3589553187007
1425,1,732.0,1.0,5,5,1,1425.851883732254
1599,2,1067.0,2.0,3,5,1,1642.3560736631362
1807,3,1204.0,2.0,7,5,1,1917.2474056312712
1150,0,600.0,1.0,7,9,1,1069.2627736542722
2400,2,1000.0,1.0,6,4,2,2470.241727892915
1195,2,855.0,1.0,6,9,1,1280.1270729798282
5340,2,940.0,1.0,5,4,2,2299.0392370868626
1785,3,1232.0,2.0,3,5,1,1814.8716587501106
899,0,288.0,1.0,7,1,2,1160.5861191446022
1299,1,894.0,1.0,5,8,1,1232.2920706757131
2895,1,1100.0,1.0,5,3,3,2728.285799391153
3309,2,984.0,2.0,3,3,3,2648.712716701937
2358,0,430.0,1.0,9,4,2,2232.366713353749
2072,2,1046.0,2.0,3,7,3,1992.2426816899517
2050,1,650.0,1.0,8,4,2,2380.0477735036748
3275,2,1158.0,2.0,5,6,3,2825.515646224654
389,1,395.0,1.0,5,5,1,621.6748550361589
1550,2,850.0,1.0,3,6,3,1483.3194752566233
1464,2,1143.0,2.0,5,7,3,1699.6934797130343
1292,2,925.0,1.0,7,9,1,1370.6013181465423
772,1,813.0,1.0,7,7,3,1171.415222091506
1276,1,719.0,1.0,7,9,1,1216.2974686536522
2072,2,1046.0,2.0,3,7,3,1992.2426816899517
1035,1,757.0,1.0,5,7,3,1289.4452716723447
1900,1,700.0,1.0,0,4,2,1727.152370127821
1250,3,800.0,1.0,5,6,3,1801.41637472614
899,0,288.0,1.0,7,1,2,1160.5861191446022
1180,1,640.0,1.0,3,8,1,1100.2734098664334
2900,3,1600.0,2.0,6,4,2,3390.6640690951576
1628,1,580.0,1.0,6,8,1,1385.0474815220082
1475,3,1166.0,2.0,6,8,1,1681.575453427166
1605,1,620.0,1.0,6,8,1,1409.7596158421277
2505,0,536.0,1.0,9,3,3,2076.997610775872
3000,3,1100.0,1.0,2,4,2,2539.495111882048
1824,2,950.0,2.0,8,5,1,1785.0726569009425
2709,3,1217.0,2.0,7,5,1,2432.678349815533
1354,1,732.0,1.0,5,5,1,1425.851883732254
1466,2,1025.0,2.0,8,9,1,1479.901788487566
1400,0,950.0,0.0,5,7,3,1399.022779381304
3850,1,730.0,1.0,8,4,2,2315.5709885386295
1303,1,800.0,1.0,7,5,1,1486.381530271641
2515,1,624.0,1.0,8,4,2,2253.163765433847
1335,1,728.0,1.0,5,1,2,1626.5132845191026
1775,2,900.0,2.0,6,5,1,1741.942175473635
389,1,395.0,1.0,5,5,1,621.6748550361589
2395,3,1204.0,2.0,3,1,2,2352.7735364835844
1395,0,450.0,1.0,6,3,3,1918.3065570988563
389,1,395.0,1.0,5,5,1,621.6748550361589
5490,3,1369.0,3.0,9,3,3,4358.656649522745
2338,2,1110.0,2.0,5,1,2,2356.2754741833023
389,1,395.0,1.0,5,5,1,621.6748550361589
2325,2,850.0,2.0,5,3,3,2425.3315317006436
2561,1,747.0,1.0,5,4,2,2183.4420657808364
930,1,600.0,1.0,5,7,3,1094.3488470593743
1400,1,810.0,1.0,6,9,1,1288.2572439623507
389,1,395.0,1.0,5,5,1,621.6748550361589
2200,3,1200.0,1.5,7,9,1,1695.5474208736628
1195,2,659.0,1.0,8,9,1,1168.6784646345322
2754,2,1295.0,2.0,3,3,3,3701.7741371879943
950,1,775.0,1.0,3,9,1,1150.438007330384
1466,2,1025.0,2.0,8,9,1,1479.901788487566
2188,3,1450.0,1.5,6,4,2,2897.162783601791
2437,2,1136.0,2.0,5,1,2,2122.3805233208254
1849,1,588.0,1.0,3,3,3,1860.1336156785057
1505,0,450.0,1.0,4,6,3,1322.7220249998838
1025,1,800.0,1.0,5,8,1,1047.7822748542444
1395,1,1300.0,1.0,5,6,3,2231.480882536122
2330,1,865.0,1.0,9,1,2,2360.0251567958353
1540,1,792.0,1.0,3,5,1,1468.1994639048844
1515,2,1050.0,2.0,5,8,1,1502.518699386388
3400,2,700.0,1.0,6,4,2,2309.310781675059
1850,1,550.0,1.0,7,4,2,2238.4428493853984
2432,1,702.0,1.0,5,3,3,2246.965715074007
2750,3,1200.0,1.0,5,4,2,3041.2901627914794
1875,1,700.0,1.0,5,6,3,1676.1664852267133
1875,1,628.0,1.0,3,3,3,1803.0350300340815
2500,1,550.0,1.0,7,4,2,2238.4428493853984
1472,1,832.0,1.0,3,5,1,1487.5903970364607
970,1,900.0,1.0,3,6,3,1576.8763654282345
749,0,236.0,0.0,9,7,3,1072.8462840349052
1785,3,1232.0,2.0,3,5,1,1814.8716587501106
2125,3,1200.0,2.0,6,5,1,2057.7411607236604
1255,1,727.0,1.0,7,9,1,1204.792983505902
1587,2,1190.0,2.0,3,5,1,1699.219498957816
1468,2,875.0,1.0,3,9,1,1344.909442548792
889,1,690.0,1.0,8,9,1,997.7608893858002
1918,1,848.0,1.0,6,5,1,1599.2327804493734
1017,2,866.0,2.0,7,7,3,1374.1571360677654
1370,1,500.0,1.0,9,8,1,1028.4182297107204
1650,0,533.0,1.0,7,3,3,2017.6613466665763
4849,2,1194.0,2.0,8,4,2,3089.1248575438967
2269,0,414.0,1.0,7,3,3,1760.4514725640881
1649,1,768.0,1.0,2,5,1,1524.6957238410073
2283,2,1167.0,2.0,6,1,2,2359.003866819449
3900,2,1300.0,1.5,4,4,2,2661.8161429625006
2800,3,1300.0,1.0,3,4,2,2794.5603161558624
895,1,774.0,1.0,3,7,3,1282.5806005098577
1850,1,500.0,1.0,5,3,3,1842.041466322242
972,1,772.0,1.0,7,7,3,1369.851467398693
950,1,800.0,1.0,5,8,1,1047.7822748542444
1044,1,1.0,1.0,3,8,1,652.5419117373676
1750,1,682.0,1.0,9,9,1,1471.1890725252315
1590,1,685.0,1.0,9,1,2,1829.1033904660253
3799,1,730.0,1.0,7,4,2,2184.1055492203905
3194,2,983.0,2.0,3,3,3,2649.7404915179777
950,1,800.0,1.0,5,8,1,1047.7822748542444
1400,3,900.0,1.5,4,6,3,1908.7076337581675
389,1,395.0,1.0,7,5,1,655.8297791582123
1853,2,930.0,1.0,6,3,3,2513.8356230122063
1561,1,792.0,1.0,3,5,1,1468.1994639048844
1950,1,700.0,1.0,5,6,3,1676.1664852267133
1095,1,555.0,1.0,3,1,2,1529.6561357090188
1399,2,964.0,2.0,5,5,1,1666.2183272206125
1375,0,642.0,1.0,8,9,1,1226.7048604463516
3200,2,1100.0,1.5,8,4,2,3040.322005834392
1350,2,860.0,1.0,3,8,1,1324.6453788674546
1650,3,1300.0,1.0,6,6,3,2019.0559685070152
2895,0,575.0,1.0,6,3,3,1773.8141911974283
1750,1,875.0,1.0,5,1,2,1842.1664701781435
389,1,395.0,1.0,7,5,1,655.8297791582123
850,1,800.0,1.0,6,9,1,966.9555560743665
1465,1,768.0,1.0,8,1,2,1907.182907689975
389,1,395.0,1.0,5,5,1,621.6748550361589
3800,2,971.0,2.0,7,3,3,2504.9874025862086
1265,1,750.0,1.0,3,8,1,1196.5502808470612
1035,1,757.0,1.0,5,7,3,1289.4452716723447
1550,0,400.0,1.0,6,4,2,1771.1696992562154
389,1,395.0,1.0,5,5,1,621.6748550361589
1955,2,1020.0,2.0,6,8,1,1778.1588987073192
2250,2,1080.0,1.5,7,1,2,2208.4426558399373
2093,2,1213.0,2.0,7,8,1,2032.033736093675
2340,1,865.0,1.0,9,1,2,2360.0251567958353
3095,4,1750.0,2.0,6,5,1,2958.008239388055
1580,1,922.0,1.0,3,9,1,1372.0007541735504
1505,0,450.0,1.0,4,6,3,1322.7220249998838
1350,2,874.0,1.0,8,9,1,1353.9264861483914
1199,2,919.0,2.0,3,7,3,1336.0383891172396
1671,1,591.0,1.0,3,1,2,1662.4497668038618
2072,2,1046.0,2.0,3,7,3,1992.2426816899517
1665,2,848.0,1.0,5,6,3,1732.2968880970927
950,2,1100.0,2.0,4,6,3,1980.5465800660588
1465,1,1300.0,1.0,5,7,3,2125.9012770706036
1775,2,1134.0,2.0,2,5,1,1813.158289048987
2600,2,850.0,1.0,7,4,2,2515.1998211197865
2200,1,855.0,1.0,6,4,2,2179.0181753288866
1420,1,648.0,1.0,5,6,3,1460.0143994072946
1550,2,1009.0,2.0,7,5,1,1661.0616787054762
2500,2,1200.0,2.0,5,1,2,2639.1997063660065
5980,2,1250.0,2.0,10,3,3,4749.88311295865
1150,2,1000.0,2.0,3,7,3,1400.5169143959586
1276,1,719.0,1.0,7,9,1,1216.2974686536522
1795,2,790.0,1.0,3,1,2,2000.4925627953141
1250,1,604.0,1.0,5,1,2,1568.396635929238
3310,1,570.0,1.0,7,3,3,2177.5197546388536
2400,2,1497.0,2.0,3,1,2,2623.5537040768045
2331,1,382.0,1.0,6,3,3,1974.5491631455423
1248,1,607.0,1.0,5,1,2,1556.1394719474033
894,0,450.0,1.0,5,8,1,801.2240323654894
1220,0,400.0,1.0,3,1,2,1322.1244369890337
2034,3,1403.0,3.0,5,7,3,2105.7384330701702
900,1,640.0,1.0,8,7,3,1170.575485541614
3366,2,1230.0,2.5,6,3,3,3233.5669461447615
1570,2,1152.0,2.0,3,5,1,1664.7356209644454
1356,1,732.0,1.0,5,5,1,1425.851883732254
1227,1,575.0,1.0,5,1,2,1465.5152919213028
1431,0,497.0,1.0,6,1,2,1538.121687093809
2072,2,1046.0,2.0,3,7,3,1992.2426816899517
1825,1,700.0,1.0,5,6,3,1676.1664852267133
389,1,395.0,1.0,7,5,1,655.8297791582123
1059,1,756.0,1.0,3,7,3,1260.1248407453243
1518,1,601.0,1.0,6,1,2,1491.5148346324015
2295,3,1100.0,2.0,5,6,3,2357.654504860223
1834,2,1121.0,2.0,6,5,1,1897.5318803138753
3199,1,585.0,1.0,10,4,2,2443.3720725070493
1612,0,575.0,1.0,3,3,3,1792.2807096676656
1700,3,1300.0,1.5,5,5,1,2223.9816086062087
2312,1,868.0,1.0,3,1,2,2194.0787175098294
2110,1,758.0,1.0,5,7,3,1290.1231361067817
845,1,600.0,1.0,3,7,3,991.9117851214404
3395,2,1114.0,2.5,6,3,3,2863.5254597540543
1628,2,960.0,2.0,3,5,1,1626.577583012068
389,1,395.0,1.0,5,5,1,621.6748550361589
1380,1,767.0,1.0,5,7,3,1294.8732393391
2300,1,800.0,1.0,10,6,3,1927.550436843724
1627,1,650.0,1.0,6,1,2,1720.0278073904924
1150,0,383.0,1.0,9,9,1,1002.2481760681437
1450,3,1300.0,2.0,5,6,3,2406.3389123502684
1499,2,900.0,2.0,7,5,1,1594.308160010028
1750,0,600.0,1.0,6,3,3,1935.1490475994365
1465,2,925.0,2.0,5,1,2,1870.2107913202433
1749,3,1187.0,2.0,8,9,1,1751.107597484576
1425,1,625.0,1.0,7,7,3,1296.461632867971
1325,1,756.0,1.0,3,7,3,1260.1248407453243
1900,3,1632.0,2.0,10,9,1,2305.1374319029337
850,1,600.0,1.0,3,7,3,991.9117851214404
1229,1,731.0,1.0,7,9,1,1216.5473996443582
1925,1,734.0,1.0,6,3,3,2198.871314658514
1755,2,1167.0,2.0,5,5,1,1837.1855769788065
2045,2,650.0,1.0,7,3,3,2220.151277016498
3750,2,875.0,2.0,10,3,3,3041.97019661821
850,1,600.0,1.0,3,7,3,991.9117851214404
1400,2,889.0,1.0,7,9,1,1334.8645522922661
4500,2,1402.0,2.0,8,3,3,3537.633479760772
389,1,395.0,1.0,5,5,1,621.6748550361589
2625,2,1331.0,2.0,8,4,2,3858.909188161794
845,1,600.0,1.0,3,7,3,991.9117851214404
1566,2,1140.0,2.0,8,9,1,1597.2482937698956
1795,1,700.0,1.0,5,6,3,1676.1664852267133
1005,2,757.0,1.0,5,6,3,1443.9979879932243
850,1,684.0,1.0,8,7,3,1175.5503185694654
1995,0,405.0,1.0,6,4,2,1751.0496090520132
2400,1,700.0,1.0,6,3,3,2323.302940166157
2050,3,1253.0,2.0,5,5,1,2072.480856831865
1933,2,878.0,2.0,9,5,1,1723.1767435810345
389,1,395.0,1.0,5,5,1,621.6748550361589
1050,2,711.0,1.0,3,8,1,1117.905967163095
3292,1,870.0,1.0,5,3,3,2745.237950698732
3695,2,1075.0,2.0,7,3,3,3182.811561469305
2925,1,620.0,1.0,8,3,3,2191.786138383024
799,1,650.0,1.0,9,7,3,1137.5122720301847
1600,1,650.0,1.0,4,4,2,1812.202148454327
1970,3,1200.0,2.0,8,5,1,2117.5547867068594
389,1,395.0,1.0,5,5,1,621.6748550361589
2200,3,1600.0,3.0,5,7,3,2159.898539033797
1466,2,1025.0,2.0,8,9,1,1479.901788487566
3899,4,1500.0,2.0,0,3,3,3183.3463888489196
1064,1,716.0,1.0,6,7,3,1207.8664846220786
1588,2,1054.0,2.0,5,5,1,1663.9281501148607
1350,2,860.0,1.0,3,8,1,1324.6453788674546
389,1,395.0,1.0,5,5,1,621.6748550361589
1000,1,700.0,1.0,5,9,1,1002.8955334707082
1640,2,1000.0,2.0,8,5,1,1793.0588012631458
759,1,700.0,1.0,6,8,1,992.9066008246666
1400,2,927.0,2.0,5,7,3,1527.045023940082
1600,2,1200.0,1.0,3,6,3,1659.4591839970954
1009,1,500.0,1.0,5,8,1,890.1302341490251
2650,1,708.0,1.0,3,4,2,1722.9713243552508
1800,2,820.0,1.0,6,6,3,1798.482856688889
2300,3,900.0,1.0,7,6,3,1850.6644126579408
2951,2,955.0,2.0,6,3,3,2550.031359394665
1599,2,1067.0,2.0,3,5,1,1642.3560736631362
1445,1,875.0,1.0,3,7,3,1522.5988262663986
1150,2,788.0,2.0,5,7,3,1289.196524055734
2500,2,1200.0,2.0,7,1,2,2486.9248091383247
2785,2,976.0,1.0,6,8,1,2289.5288583188
780,1,540.0,1.0,3,7,3,1036.5283381701686
2195,1,650.0,1.0,4,3,3,2044.0890174801248
3234,1,682.0,1.0,9,3,3,2801.589147632422
389,1,398.0,1.0,8,5,1,674.3658580424478
1460,2,1000.0,2.0,6,1,2,2313.0982706504183
1350,2,874.0,1.5,8,9,1,1618.1163531675793
895,1,625.0,1.0,6,8,1,1051.2712719103922
2100,4,1665.0,2.0,3,1,2,2658.3587155639366
2399,2,1010.0,2.0,9,1,2,2437.779571937816
389,1,395.0,1.0,5,5,1,621.6748550361589
880,1,650.0,1.0,5,7,3,1135.7272446984787
3550,2,950.0,1.0,5,3,3,2906.967527732363
1466,2,1025.0,2.0,8,9,1,1479.901788487566
5300,2,900.0,2.0,3,3,3,2482.3828514858646
960,3,1365.0,2.0,9,8,1,2269.8636962877727
1550,3,1073.0,1.0,7,9,1,1487.5398694041976
1040,2,792.0,1.0,5,6,3,1818.7990310446548
1795,1,850.0,1.0,8,3,3,2097.4739414322707
1380,2,882.0,1.0,8,1,2,1769.33833024043
1495,2,956.0,2.0,6,9,1,1431.6896934304361
1445,2,1177.0,2.0,6,7,3,1638.4988621480522
1324,1,619.0,1.0,5,7,3,1311.8232412400264
1900,2,1500.0,1.0,5,9,1,1721.47472954758
1044,1,1.0,1.0,3,8,1,652.5419117373676
950,1,140.0,1.0,5,3,3,1438.3783126882292
1737,2,950.0,2.0,9,9,1,1620.4468489010296
1950,1,580.0,1.0,8,3,3,2245.4278990356147
3900,3,995.0,1.0,4,4,2,2656.578858956078
1895,0,350.0,1.0,4,3,3,1567.3637821552504
2350,0,525.0,1.0,6,3,3,2070.684601596942
3178,2,1179.0,2.0,3,3,3,2913.513599166991
4895,3,1060.0,1.5,7,4,2,3585.966173621595
2220,1,752.0,1.0,10,6,3,1883.768582709366
1466,2,1025.0,2.0,8,9,1,1479.901788487566
1599,2,960.0,2.0,3,7,3,1653.684181537071
1350,2,860.0,1.0,3,8,1,1324.6453788674546
2788,1,625.0,1.0,5,1,2,1517.9813497097828
1862,3,1190.0,2.0,3,9,1,1713.6991944347944
3095,3,1200.0,2.0,6,3,3,3093.2821870862863
2550,2,950.0,1.0,5,4,2,2307.877913717676
1855,1,695.0,1.0,9,1,2,1835.0166279880068
1750,2,850.0,1.0,3,6,3,1483.3194752566233
1887,2,1260.0,2.0,6,5,1,1999.8456151881417
815,1,500.0,1.0,6,8,1,842.2996512307885
1690,1,583.0,1.0,10,9,1,1193.0932563037804
1275,1,700.0,1.0,7,6,3,1506.7530559904003
1700,2,1200.0,1.0,4,6,3,1784.988372490317
1559,1,740.0,1.0,6,5,1,1505.6901218455198
960,1,550.0,1.0,4,8,1,812.4477737627068
2350,2,900.0,2.0,6,3,3,2318.3510163996416
725,0,311.0,1.0,8,9,1,769.9891955701016
2189,2,1068.0,2.0,6,1,2,2524.6187070830692
1995,1,536.0,1.0,8,3,3,2192.7793707348515
3200,1,725.0,1.0,4,4,2,1777.1698425809811
1150,2,900.0,1.0,3,6,3,1469.2065757980938
1425,2,800.0,1.0,8,9,1,1312.6880514848172
1599,2,980.0,2.0,3,5,1,1599.1343859829371
1381,1,719.0,1.0,7,9,1,1216.2974686536522
950,1,500.0,1.0,4,6,3,1164.6961004081625
1475,2,878.0,1.0,6,6,3,1684.4154831691465
825,1,1.0,1.0,5,8,1,601.8552032312087
3600,3,1600.0,2.0,4,4,2,3038.4145639291382
389,1,395.0,1.0,5,5,1,621.6748550361589
4650,1,646.0,1.0,5,4,2,2178.9700996221613
2300,3,1559.0,2.5,3,1,2,2377.033075740584
2032,1,890.0,1.0,5,1,2,2154.1146995928484
2395,2,1141.0,2.0,7,9,1,1645.4498702751662
2150,1,700.0,1.0,3,3,3,2801.874870090121
1975,3,1409.0,3.0,8,7,3,2318.437451328764
3309,2,984.0,2.0,3,3,3,2648.712716701937
1635,2,844.0,1.0,3,3,3,1885.0458524171377
2950,1,603.0,1.0,8,4,2,2238.452873142187
2095,2,900.0,1.0,5,6,3,1686.935033950767
1600,1,800.0,1.0,8,6,3,1916.4427218321102
2121,1,500.0,1.0,7,3,3,2017.790209000604
1663,2,1122.0,2.0,6,7,3,1643.1114254915196
3595,1,700.0,1.0,6,3,3,2323.302940166157
2675,2,1250.0,2.0,9,1,2,2440.7011563865967
1645,1,623.0,1.0,9,1,2,1779.6068779686682
1975,1,650.0,1.0,8,3,3,2150.556038031014
1450,2,860.0,1.0,3,8,1,1324.6453788674546
850,1,600.0,1.0,3,7,3,991.9117851214404
1468,2,875.0,1.0,3,9,1,1344.909442548792
1793,1,728.0,1.0,6,1,2,1816.06590371324
1750,2,950.0,1.0,5,9,1,1225.4018332139065
1677,3,1250.0,2.0,8,9,1,1730.3014635891432
1487,1,920.0,1.0,8,5,1,1697.4889633564947
2338,2,1110.0,2.0,5,1,2,2356.2754741833023
1815,1,845.0,1.0,9,1,2,1976.2768444224307
1925,2,1134.0,2.0,3,5,1,1928.1802479265139
1450,2,961.0,2.0,7,5,1,1599.7536017042576
1700,2,1200.0,1.0,4,6,3,1784.988372490317
1695,4,700.0,2.0,6,8,1,1682.5462891297107
2000,2,1550.0,2.0,5,7,3,2210.0437746336893
1443,1,681.0,1.0,5,1,2,1619.8385790127393
1340,0,250.0,1.0,3,3,3,1333.680995808041
1595,2,920.0,2.0,8,9,1,1514.9198505675347
899,0,288.0,1.0,7,1,2,1160.5861191446022
1725,2,1141.0,2.0,7,9,1,1645.4498702751662
2595,1,610.0,1.0,4,3,3,1863.2088518684088
4313,3,1649.0,2.5,6,3,3,3507.8969262074042
1750,1,900.0,2.0,7,1,2,1971.7907884508802
1775,4,1236.0,2.0,8,1,2,2094.475483245054
2144,2,909.0,2.0,6,1,2,2049.907461847384
1495,2,1050.0,2.0,5,8,1,1502.518699386388
1250,3,1150.0,1.5,6,8,1,1425.142773130732
1259,2,1129.0,2.0,7,7,3,1644.1141618238103
1200,3,1728.0,1.5,7,8,1,1950.0724913902584
4610,3,1469.0,2.0,6,3,3,3343.491739390647
1598,2,996.0,2.0,7,5,1,1687.0937883794847
1340,1,695.0,1.0,3,5,1,1363.0546534645343
1075,1,717.0,1.0,3,7,3,1215.5433146928979
2278,1,585.0,1.0,5,3,3,2046.9831601864923
950,1,800.0,1.0,5,8,1,1047.7822748542444
1750,3,900.0,1.0,4,4,2,2669.506582754946
389,1,395.0,1.0,5,5,1,621.6748550361589
1250,2,1000.0,1.0,3,8,1,1367.8050343649365
